danceability,energy,key,loudness,mode,speechiness,acousticness,instrumentalness,liveness,valence,tempo,type,id,uri,track_href,analysis_url,duration_ms,time_signature,genre,Song Title,Artist
0.595,0.473,0.7272727272727273,0.47922761849034523,1,0.0347,0.702,0.0,0.0725,0.716,1.0,audio_features,4dqEzdFAYkj1rjYLVDuTlN,spotify:track:4dqEzdFAYkj1rjYLVDuTlN,https://api.spotify.com/v1/tracks/4dqEzdFAYkj1rjYLVDuTlN,https://api.spotify.com/v1/audio-analysis/4dqEzdFAYkj1rjYLVDuTlN,249293,4,country,Islands In the Stream,Dolly Parton
0.526,0.978,0.7272727272727273,0.30093002657218776,1,0.108,0.00122,4.75e-05,0.0744,0.451,0.7209202563644256,audio_features,05RgAMGypEvqhNs5hPCbMS,spotify:track:05RgAMGypEvqhNs5hPCbMS,https://api.spotify.com/v1/tracks/05RgAMGypEvqhNs5hPCbMS,https://api.spotify.com/v1/audio-analysis/05RgAMGypEvqhNs5hPCbMS,210227,4,rock,Panama - 2015 Remaster,Van Halen
0.742,0.819,0.09090909090909091,0.5063931297709924,1,0.0487,0.372,0.0,0.277,0.709,0.583956128802352,audio_features,1CUVN2kn7mW5FjkqXTR2W1,spotify:track:1CUVN2kn7mW5FjkqXTR2W1,https://api.spotify.com/v1/tracks/1CUVN2kn7mW5FjkqXTR2W1,https://api.spotify.com/v1/audio-analysis/1CUVN2kn7mW5FjkqXTR2W1,196613,4,pop,Perfect Strangers,Jonas Blue
0.832,0.43,0.0,0.5485774376350996,1,0.0826,0.0606,0.00323,0.124,0.462,0.7222910548959544,audio_features,1pm7lQGl6mvKWDxesZTVFp,spotify:track:1pm7lQGl6mvKWDxesZTVFp,https://api.spotify.com/v1/tracks/1pm7lQGl6mvKWDxesZTVFp,https://api.spotify.com/v1/audio-analysis/1pm7lQGl6mvKWDxesZTVFp,299333,4,rnb,Lollipop,Lil Wayne
0.534,0.583,0.18181818181818182,0.6727695888285493,1,0.0288,0.0262,0.0,0.421,0.145,0.5247135113729179,audio_features,0S0vWvyZ6Rc79TXkWxT9QA,spotify:track:0S0vWvyZ6Rc79TXkWxT9QA,https://api.spotify.com/v1/tracks/0S0vWvyZ6Rc79TXkWxT9QA,https://api.spotify.com/v1/audio-analysis/0S0vWvyZ6Rc79TXkWxT9QA,231547,4,rap,Save That Shit,Lil Peep
0.566,0.834,0.5454545454545454,0.4656775907883083,0,0.0298,0.00277,0.008,0.0625,0.621,0.629655542220974,audio_features,3VqHuw0wFlIHcIPWkhIbdQ,spotify:track:3VqHuw0wFlIHcIPWkhIbdQ,https://api.spotify.com/v1/tracks/3VqHuw0wFlIHcIPWkhIbdQ,https://api.spotify.com/v1/audio-analysis/3VqHuw0wFlIHcIPWkhIbdQ,331560,4,rock,Enter Sandman (Remastered),Metallica
0.88,0.428,0.8181818181818182,0.6423584173778122,1,0.206,0.149,5.05e-05,0.114,0.333,0.49504739747048493,audio_features,7sO5G9EABYOXQKNPNiE9NR,spotify:track:7sO5G9EABYOXQKNPNiE9NR,https://api.spotify.com/v1/tracks/7sO5G9EABYOXQKNPNiE9NR,https://api.spotify.com/v1/audio-analysis/7sO5G9EABYOXQKNPNiE9NR,172800,4,rap,Ric Flair Drip (with Metro Boomin),Offset
0.497,0.041,0.18181818181818182,0.7538911550021468,0,0.0341,0.995,0.956,0.119,0.0399,0.39255910449147685,audio_features,6AGA4j46aZkdKmH8m40uFi,spotify:track:6AGA4j46aZkdKmH8m40uFi,https://api.spotify.com/v1/tracks/6AGA4j46aZkdKmH8m40uFi,https://api.spotify.com/v1/audio-analysis/6AGA4j46aZkdKmH8m40uFi,209230,4,classical,"Concerto in D Minor, BWV 974: II. Adagio",Johann Sebastian Bach
0.743,0.675,0.7272727272727273,0.249284337208623,0,0.0953,0.0251,0.000717,0.0685,0.59,0.45320136971600833,audio_features,1KGi9sZVMeszgZOWivFpxs,spotify:track:1KGi9sZVMeszgZOWivFpxs,https://api.spotify.com/v1/tracks/1KGi9sZVMeszgZOWivFpxs,https://api.spotify.com/v1/audio-analysis/1KGi9sZVMeszgZOWivFpxs,214400,4,rnb,No Scrubs,TLC
0.564,0.71,1.0,0.4694656488549618,0,0.0461,0.00125,0.0,0.109,0.393,0.4552032705423517,audio_features,5pDUMdIiW0rNLzFryqpC9j,spotify:track:5pDUMdIiW0rNLzFryqpC9j,https://api.spotify.com/v1/tracks/5pDUMdIiW0rNLzFryqpC9j,https://api.spotify.com/v1/audio-analysis/5pDUMdIiW0rNLzFryqpC9j,225147,4,pop,Diamonds,Rihanna
0.79,0.67,0.09090909090909091,0.42878200155159035,1,0.105,0.377,2.32e-06,0.119,0.408,0.6928000396010198,audio_features,0fX4oNGBWO3dSGUZcVdVV2,spotify:track:0fX4oNGBWO3dSGUZcVdVV2,https://api.spotify.com/v1/tracks/0fX4oNGBWO3dSGUZcVdVV2,https://api.spotify.com/v1/audio-analysis/0fX4oNGBWO3dSGUZcVdVV2,195950,4,rap,N95,Kendrick Lamar
0.0653,0.0359,0.5454545454545454,0.7191659510519536,0,0.0421,0.957,0.944,0.128,0.0412,0.32051381298157067,audio_features,4CZq7M6hBTg77Qhp3TJHdN,spotify:track:4CZq7M6hBTg77Qhp3TJHdN,https://api.spotify.com/v1/tracks/4CZq7M6hBTg77Qhp3TJHdN,https://api.spotify.com/v1/audio-analysis/4CZq7M6hBTg77Qhp3TJHdN,385858,4,classical,"Fauré: Pavane, Op. 50",Gabriel Fauré
0.568,0.698,0.8181818181818182,0.23078798517651647,1,0.0436,0.0459,0.0,0.095,0.872,0.8056770057250413,audio_features,4raGevWiW8i1gactXulebp,spotify:track:4raGevWiW8i1gactXulebp,https://api.spotify.com/v1/tracks/4raGevWiW8i1gactXulebp,https://api.spotify.com/v1/audio-analysis/4raGevWiW8i1gactXulebp,148440,4,country,Mind Your Own Business,"Hank Williams, Jr."
0.579,0.508,0.18181818181818182,0.525022143489814,1,0.027,0.00574,0.000494,0.0575,0.609,0.751346934606644,audio_features,40riOy7x9W7GXjyGp4pjAv,spotify:track:40riOy7x9W7GXjyGp4pjAv,https://api.spotify.com/v1/tracks/40riOy7x9W7GXjyGp4pjAv,https://api.spotify.com/v1/audio-analysis/40riOy7x9W7GXjyGp4pjAv,391376,4,rock,Hotel California - 2013 Remaster,Eagles
0.854,0.569,0.45454545454545453,0.6323506594259115,0,0.106,0.0609,0.0816,0.1,0.294,0.39608444917456626,audio_features,7ycWLEP1GsNjVvcjawXz3z,spotify:track:7ycWLEP1GsNjVvcjawXz3z,https://api.spotify.com/v1/tracks/7ycWLEP1GsNjVvcjawXz3z,https://api.spotify.com/v1/audio-analysis/7ycWLEP1GsNjVvcjawXz3z,205040,4,rap,Praise The Lord (Da Shine) (feat. Skepta),A$AP Rocky
0.502,0.89,0.36363636363636365,0.2864813994685562,1,0.0364,0.000147,0.0117,0.217,0.259,0.6818680897786177,audio_features,57bgtoPSgt236HzfBOd8kj,spotify:track:57bgtoPSgt236HzfBOd8kj,https://api.spotify.com/v1/tracks/57bgtoPSgt236HzfBOd8kj,https://api.spotify.com/v1/audio-analysis/57bgtoPSgt236HzfBOd8kj,292880,4,rock,Thunderstruck,AC/DC
0.243,0.0195,0.8181818181818182,0.9369096178617431,0,0.0466,0.97,0.892,0.0858,0.0391,0.6500332874018796,audio_features,10yXfuLcIilEbs2JrMU7oY,spotify:track:10yXfuLcIilEbs2JrMU7oY,https://api.spotify.com/v1/tracks/10yXfuLcIilEbs2JrMU7oY,https://api.spotify.com/v1/audio-analysis/10yXfuLcIilEbs2JrMU7oY,161293,4,classical,"Le Carnaval des Animaux, R. 125: VII. Aquarium",Camille Saint-Saëns
0.64,0.835,0.0,0.23434757167934467,1,0.0413,0.0726,3.11e-06,0.132,0.704,0.5367079052623324,audio_features,7LimFGKop84KMDutqYaNIF,spotify:track:7LimFGKop84KMDutqYaNIF,https://api.spotify.com/v1/tracks/7LimFGKop84KMDutqYaNIF,https://api.spotify.com/v1/audio-analysis/7LimFGKop84KMDutqYaNIF,205920,4,country,How Do You Like Me Now?!,Toby Keith
0.36,0.0249,0.09090909090909091,0.7250161013310433,1,0.0463,0.993,0.932,0.0454,0.0396,0.6865152476943959,audio_features,6N7JzrteJv8lsr1GWYyu0b,spotify:track:6N7JzrteJv8lsr1GWYyu0b,https://api.spotify.com/v1/tracks/6N7JzrteJv8lsr1GWYyu0b,https://api.spotify.com/v1/audio-analysis/6N7JzrteJv8lsr1GWYyu0b,279160,5,classical,"Suite Bergamasque, L. 75: III. Clair de lune (Andante très expressif)",Claude Debussy
0.453,0.987,0.7272727272727273,0.24828387953941544,1,0.0889,0.0195,0.283,0.268,0.316,0.6309220437657993,audio_features,0G21yYKMZoHa30cYVi1iA8,spotify:track:0G21yYKMZoHa30cYVi1iA8,https://api.spotify.com/v1/tracks/0G21yYKMZoHa30cYVi1iA8,https://api.spotify.com/v1/audio-analysis/0G21yYKMZoHa30cYVi1iA8,273480,4,rock,Welcome To The Jungle,Guns N' Roses
0.717,0.386,0.8181818181818182,0.41198808202371906,0,0.13,0.0554,5.16e-06,0.0353,0.863,1.0,audio_features,4TqAoRSW8kOKfO4y5R0GLy,spotify:track:4TqAoRSW8kOKfO4y5R0GLy,https://api.spotify.com/v1/tracks/4TqAoRSW8kOKfO4y5R0GLy,https://api.spotify.com/v1/audio-analysis/4TqAoRSW8kOKfO4y5R0GLy,242507,4,rnb,All I Ever Wanted,Mase
0.724,0.573,0.6363636363636364,0.31908456167571764,1,0.0549,0.118,0.0,0.538,0.438,0.5598000148503824,audio_features,4KW1lqgSr8TKrvBII0Brf8,spotify:track:4KW1lqgSr8TKrvBII0Brf8,https://api.spotify.com/v1/tracks/4KW1lqgSr8TKrvBII0Brf8,https://api.spotify.com/v1/audio-analysis/4KW1lqgSr8TKrvBII0Brf8,135920,4,rap,Father Stretch My Hands Pt. 1,Kanye West
0.431,0.291,0.0,0.40824924860455125,1,0.0668,0.992,0.124,0.282,0.387,0.3590188215743651,audio_features,6wRcTF4492foSZMTbqTsAn,spotify:track:6wRcTF4492foSZMTbqTsAn,https://api.spotify.com/v1/tracks/6wRcTF4492foSZMTbqTsAn,https://api.spotify.com/v1/audio-analysis/6wRcTF4492foSZMTbqTsAn,296213,4,classical,"Il barbiere di Siviglia / Act I: No. 2 Cavatina: ""Largo al factotum""",Gioachino Rossini
0.729,0.434,0.2727272727272727,0.5322778524274113,0,0.079,0.0473,1.23e-05,0.314,0.743,0.4605279845467938,audio_features,60NvAO9lx0KmBNAVHIlWN6,spotify:track:60NvAO9lx0KmBNAVHIlWN6,https://api.spotify.com/v1/tracks/60NvAO9lx0KmBNAVHIlWN6,https://api.spotify.com/v1/audio-analysis/60NvAO9lx0KmBNAVHIlWN6,243360,4,rnb,How Deep Is Your Love,Dru Hill
0.585,0.511,0.09090909090909091,0.4568948702945192,1,0.0391,0.647,0.007,0.0392,0.552,0.5190671319896478,audio_features,6H7nDglS6xWpRidbhMwI2L,spotify:track:6H7nDglS6xWpRidbhMwI2L,https://api.spotify.com/v1/tracks/6H7nDglS6xWpRidbhMwI2L,https://api.spotify.com/v1/audio-analysis/6H7nDglS6xWpRidbhMwI2L,179491,4,country,Here You Come Again,Dolly Parton
0.894,0.511,0.18181818181818182,0.3698991466252909,1,0.421,0.0251,0.0,0.14,0.567,0.5943964557087346,audio_features,5BJMeoCXXgbRAWfp6fTulr,spotify:track:5BJMeoCXXgbRAWfp6fTulr,https://api.spotify.com/v1/tracks/5BJMeoCXXgbRAWfp6fTulr,https://api.spotify.com/v1/audio-analysis/5BJMeoCXXgbRAWfp6fTulr,176632,4,rap,Shotta Flow (feat. Blueface) [Remix],NLE Choppa
0.604,0.441,0.45454545454545453,0.4619660620245758,1,0.0352,0.791,0.0,0.249,0.795,0.628970276841032,audio_features,7w3YZLWL8l11US6FMMLOGq,spotify:track:7w3YZLWL8l11US6FMMLOGq,https://api.spotify.com/v1/tracks/7w3YZLWL8l11US6FMMLOGq,https://api.spotify.com/v1/audio-analysis/7w3YZLWL8l11US6FMMLOGq,155973,4,country,Country Girl,Faron Young
0.515,0.43,0.6363636363636364,0.549988928255093,1,0.0372,0.0097,0.000133,0.129,0.104,0.46903454791512394,audio_features,70LcF31zb1H0PyJoS1Sx1r,spotify:track:70LcF31zb1H0PyJoS1Sx1r,https://api.spotify.com/v1/tracks/70LcF31zb1H0PyJoS1Sx1r,https://api.spotify.com/v1/audio-analysis/70LcF31zb1H0PyJoS1Sx1r,238640,4,rock,Creep,Radiohead
0.789,0.858,0.09090909090909091,0.4299456943366951,1,0.311,0.127,0.0,0.349,0.775,0.6931267480137614,audio_features,4Li2WHPkuyCdtmokzW2007,spotify:track:4Li2WHPkuyCdtmokzW2007,https://api.spotify.com/v1/tracks/4Li2WHPkuyCdtmokzW2007,https://api.spotify.com/v1/audio-analysis/4Li2WHPkuyCdtmokzW2007,219333,4,rap,Ni**as In Paris,JAY-Z
0.341,0.0142,0.18181818181818182,0.7592582653499356,1,0.0388,0.993,0.921,0.113,0.0384,0.3941950899792019,audio_features,3GecLjGMqzjmgkvy2v41Wf,spotify:track:3GecLjGMqzjmgkvy2v41Wf,https://api.spotify.com/v1/tracks/3GecLjGMqzjmgkvy2v41Wf,https://api.spotify.com/v1/audio-analysis/3GecLjGMqzjmgkvy2v41Wf,357747,1,classical,"Ständchen in D Minor (After Schubert), S. 560",Franz Liszt
0.342,0.013,0.18181818181818182,0.816766852726492,0,0.0347,0.991,0.935,0.144,0.0982,0.39548529935437926,audio_features,7peGuJtU76TKrTYpwmxGBU,spotify:track:7peGuJtU76TKrTYpwmxGBU,https://api.spotify.com/v1/tracks/7peGuJtU76TKrTYpwmxGBU,https://api.spotify.com/v1/audio-analysis/7peGuJtU76TKrTYpwmxGBU,142444,4,classical,Lagoon of Forgotten Dreams (Laguna de los Sueños Olvidados),Julián Fueyo
0.897,0.662,0.09090909090909091,0.5355314197051978,0,0.292,0.0852,0.0,0.534,0.389,0.5569437913026261,audio_features,78QR3Wp35dqAhFEc2qAGjE,spotify:track:78QR3Wp35dqAhFEc2qAGjE,https://api.spotify.com/v1/tracks/78QR3Wp35dqAhFEc2qAGjE,https://api.spotify.com/v1/audio-analysis/78QR3Wp35dqAhFEc2qAGjE,145543,4,rap,Drip Too Hard (Lil Baby & Gunna),Lil Baby
0.741,0.697,0.0,0.3890611160318866,1,0.0277,0.0664,2.28e-05,0.133,0.774,0.5929525317263744,audio_features,2LawezPeJhN4AWuSB0GtAU,spotify:track:2LawezPeJhN4AWuSB0GtAU,https://api.spotify.com/v1/tracks/2LawezPeJhN4AWuSB0GtAU,https://api.spotify.com/v1/audio-analysis/2LawezPeJhN4AWuSB0GtAU,160133,4,rock,Have You Ever Seen The Rain,Creedence Clearwater Revival
0.446,0.142,0.8181818181818182,0.6581821728106105,1,0.0335,0.96,0.00114,0.101,0.156,0.6652615481138734,audio_features,6nRvgo4ySezQKD1D7NIqAu,spotify:track:6nRvgo4ySezQKD1D7NIqAu,https://api.spotify.com/v1/tracks/6nRvgo4ySezQKD1D7NIqAu,https://api.spotify.com/v1/audio-analysis/6nRvgo4ySezQKD1D7NIqAu,176093,4,country,I Will Always Love You,Dolly Parton
0.441,0.149,0.2727272727272727,0.7571114212108201,1,0.0486,0.99,0.906,0.103,0.252,0.6297408743490893,audio_features,4kU9wsJUbJbccEgMB8NZhG,spotify:track:4kU9wsJUbJbccEgMB8NZhG,https://api.spotify.com/v1/tracks/4kU9wsJUbJbccEgMB8NZhG,https://api.spotify.com/v1/audio-analysis/4kU9wsJUbJbccEgMB8NZhG,352760,3,classical,"Marionnettes, Op. 29",Anatoly Lyadov
0.437,0.129,0.18181818181818182,0.4746135680549592,1,0.0354,0.967,0.875,0.104,0.342,0.3791770528521368,audio_features,0Ied2vKKS5EKGy4IB8C9zg,spotify:track:0Ied2vKKS5EKGy4IB8C9zg,https://api.spotify.com/v1/tracks/0Ied2vKKS5EKGy4IB8C9zg,https://api.spotify.com/v1/audio-analysis/0Ied2vKKS5EKGy4IB8C9zg,246333,4,classical,"Le nozze di Figaro, K. 492: Overture",Wolfgang Amadeus Mozart
0.545,0.783,0.45454545454545453,0.40658396946564884,0,0.0345,0.00489,0.0,0.132,0.551,0.8616057729427953,audio_features,1oew3nFNY3vMacJAsvry0S,spotify:track:1oew3nFNY3vMacJAsvry0S,https://api.spotify.com/v1/tracks/1oew3nFNY3vMacJAsvry0S,https://api.spotify.com/v1/audio-analysis/1oew3nFNY3vMacJAsvry0S,193733,4,pop,Me And My Broken Heart,Rixton
0.796,0.5,0.09090909090909091,0.5593483320403413,1,0.425,0.118,0.0,0.155,0.227,0.3713189614632577,audio_features,1nX9KhK3Fff27SnrIor2Yb,spotify:track:1nX9KhK3Fff27SnrIor2Yb,https://api.spotify.com/v1/tracks/1nX9KhK3Fff27SnrIor2Yb,https://api.spotify.com/v1/audio-analysis/1nX9KhK3Fff27SnrIor2Yb,255560,4,rap,4 AM,2 Chainz
0.655,0.818,0.18181818181818182,0.3459923664122137,1,0.033,0.0842,0.0,0.106,0.474,0.5739831523514448,audio_features,2kYqdSlrtovVMMIn6ykzba,spotify:track:2kYqdSlrtovVMMIn6ykzba,https://api.spotify.com/v1/tracks/2kYqdSlrtovVMMIn6ykzba,https://api.spotify.com/v1/audio-analysis/2kYqdSlrtovVMMIn6ykzba,240413,4,pop,I Wanna Know,Alesso
0.343,0.0342,0.7272727272727273,0.6867486045513096,1,0.0406,0.991,0.92,0.1,0.0378,0.31082692099273873,audio_features,6GzMz3s0K1YKwRVI36CgRx,spotify:track:6GzMz3s0K1YKwRVI36CgRx,https://api.spotify.com/v1/tracks/6GzMz3s0K1YKwRVI36CgRx,https://api.spotify.com/v1/audio-analysis/6GzMz3s0K1YKwRVI36CgRx,270000,3,classical,"Liebestraume, S541/R211 : No. 3: Nocturne in A-Flat Major",Franz Liszt
0.613,0.622,0.09090909090909091,0.5528625954198473,0,0.0334,0.00882,0.0,0.37,0.484,0.39596428536075945,audio_features,2y4lAQpi5VTNLu2ldeTdUH,spotify:track:2y4lAQpi5VTNLu2ldeTdUH,https://api.spotify.com/v1/tracks/2y4lAQpi5VTNLu2ldeTdUH,https://api.spotify.com/v1/audio-analysis/2y4lAQpi5VTNLu2ldeTdUH,231240,4,pop,We Can't Stop,Miley Cyrus
0.596,0.417,0.36363636363636365,0.3569128381279519,0,0.0527,0.969,0.00222,0.406,0.71,0.6930746721577977,audio_features,3EdrsQZHNXR03tHZmU1R9R,spotify:track:3EdrsQZHNXR03tHZmU1R9R,https://api.spotify.com/v1/tracks/3EdrsQZHNXR03tHZmU1R9R,https://api.spotify.com/v1/audio-analysis/3EdrsQZHNXR03tHZmU1R9R,130147,4,classical,"Vivaldi: Bajazet, RV 703, Act 2 Scene 8: No. 16, Aria, ""Dov'è la figlia?"" (Bajazet)",Antonio Vivaldi
0.346,0.0659,0.09090909090909091,0.7097466723915843,1,0.0428,0.992,0.901,0.0845,0.105,0.3455387140225116,audio_features,2JMQZegcDqhLXowZD5QbeR,spotify:track:2JMQZegcDqhLXowZD5QbeR,https://api.spotify.com/v1/tracks/2JMQZegcDqhLXowZD5QbeR,https://api.spotify.com/v1/audio-analysis/2JMQZegcDqhLXowZD5QbeR,118413,4,classical,"Bagatelle, Op. 30",Anatoly Lyadov
0.592,0.562,0.9090909090909091,0.40129695624233214,0,0.0239,0.00373,3.23e-05,0.223,0.208,0.4397920060876267,audio_features,1AM1o0mKbgAK5oMpY8B3Z7,spotify:track:1AM1o0mKbgAK5oMpY8B3Z7,https://api.spotify.com/v1/tracks/1AM1o0mKbgAK5oMpY8B3Z7,https://api.spotify.com/v1/audio-analysis/1AM1o0mKbgAK5oMpY8B3Z7,250173,4,rnb,Angel of Mine,Monica
0.674,0.274,0.0,0.7387361029842013,1,0.0307,0.385,0.00207,0.0763,0.806,0.5299486314798839,audio_features,5Kt4ixCSj65MTblSckJ10V,spotify:track:5Kt4ixCSj65MTblSckJ10V,https://api.spotify.com/v1/tracks/5Kt4ixCSj65MTblSckJ10V,https://api.spotify.com/v1/audio-analysis/5Kt4ixCSj65MTblSckJ10V,134394,4,country,Hello Walls,Faron Young
0.598,0.901,0.18181818181818182,0.33663640389725424,1,0.0359,0.116,0.0401,0.178,0.814,0.7825753900365141,audio_features,4cMHCRLPNoEbpnl2rz6GS9,spotify:track:4cMHCRLPNoEbpnl2rz6GS9,https://api.spotify.com/v1/tracks/4cMHCRLPNoEbpnl2rz6GS9,https://api.spotify.com/v1/audio-analysis/4cMHCRLPNoEbpnl2rz6GS9,231120,4,rock,Back on the Chain Gang - 2007 Remaster,Pretenders
0.731,0.807,0.2727272727272727,0.37927206870362795,0,0.1,0.181,0.751,0.319,0.765,0.5597836160892852,audio_features,2bLqfJjuC5syrsgDsZfGmn,spotify:track:2bLqfJjuC5syrsgDsZfGmn,https://api.spotify.com/v1/tracks/2bLqfJjuC5syrsgDsZfGmn,https://api.spotify.com/v1/audio-analysis/2bLqfJjuC5syrsgDsZfGmn,179120,4,rnb,The Way I Are,Timbaland
0.765,0.837,0.09090909090909091,0.2970419847328244,0,0.032,0.00107,1.06e-05,0.0801,0.721,0.603961474119755,audio_features,0KAiuUOrLTIkzkpfpn9jb9,spotify:track:0KAiuUOrLTIkzkpfpn9jb9,https://api.spotify.com/v1/tracks/0KAiuUOrLTIkzkpfpn9jb9,https://api.spotify.com/v1/audio-analysis/0KAiuUOrLTIkzkpfpn9jb9,195973,4,pop,Drive By,Train
0.654,0.929,0.09090909090909091,0.32694862710363154,1,0.0998,0.0468,0.0,0.0539,0.902,0.7393407042361413,audio_features,6KTv0Z8BmVqM7DPxbGzpVC,spotify:track:6KTv0Z8BmVqM7DPxbGzpVC,https://api.spotify.com/v1/tracks/6KTv0Z8BmVqM7DPxbGzpVC,https://api.spotify.com/v1/audio-analysis/6KTv0Z8BmVqM7DPxbGzpVC,168840,4,rock,Rock And Roll All Nite,KISS
0.876,0.519,1.0,0.5066718386346004,1,0.143,0.202,0.0,0.108,0.158,0.4701680568274633,audio_features,1ZAyjvIk9YiD76yYy0TEG6,spotify:track:1ZAyjvIk9YiD76yYy0TEG6,https://api.spotify.com/v1/tracks/1ZAyjvIk9YiD76yYy0TEG6,https://api.spotify.com/v1/audio-analysis/1ZAyjvIk9YiD76yYy0TEG6,175230,4,rap,Plug Walk,Rich The Kid
0.586,0.675,0.6363636363636364,0.3812658474741564,1,0.0776,0.26,0.0,0.144,0.473,0.7054348678535016,audio_features,1EKiQ1InQXuodp4M1idrng,spotify:track:1EKiQ1InQXuodp4M1idrng,https://api.spotify.com/v1/tracks/1EKiQ1InQXuodp4M1idrng,https://api.spotify.com/v1/audio-analysis/1EKiQ1InQXuodp4M1idrng,199587,4,country,The Good Stuff,Kenny Chesney
0.622,0.593,0.6363636363636364,0.4879359700882164,0,0.0916,0.163,0.0,0.0979,0.607,0.46029872296420593,audio_features,5WphWTUIfRe7x8NZss79cY,spotify:track:5WphWTUIfRe7x8NZss79cY,https://api.spotify.com/v1/tracks/5WphWTUIfRe7x8NZss79cY,https://api.spotify.com/v1/audio-analysis/5WphWTUIfRe7x8NZss79cY,249093,4,rnb,Let Me Love You,Mario
0.612,0.453,0.45454545454545453,0.6137604837136728,1,0.028,0.636,0.0181,0.101,0.685,0.4903585993255431,audio_features,3bo6fJkaOSCd2d5WsXu7wN,spotify:track:3bo6fJkaOSCd2d5WsXu7wN,https://api.spotify.com/v1/tracks/3bo6fJkaOSCd2d5WsXu7wN,https://api.spotify.com/v1/audio-analysis/3bo6fJkaOSCd2d5WsXu7wN,213973,4,country,Party Time,T.G. Sheppard
0.686,0.92,0.18181818181818182,0.3449402125775022,1,0.0566,0.301,0.27,0.0807,0.225,0.6895641294078594,audio_features,0cJPLFrlV7TTCyPLupHzcH,spotify:track:0cJPLFrlV7TTCyPLupHzcH,https://api.spotify.com/v1/tracks/0cJPLFrlV7TTCyPLupHzcH,https://api.spotify.com/v1/audio-analysis/0cJPLFrlV7TTCyPLupHzcH,511400,4,rock,Won't Get Fooled Again - Original Album Version,The Who
0.543,0.944,0.5454545454545454,0.41491364038972545,1,0.0543,0.402,0.000564,0.0373,0.735,0.5166815616781146,audio_features,4nuUssdgKFy2QyYHHNkZQW,spotify:track:4nuUssdgKFy2QyYHHNkZQW,https://api.spotify.com/v1/tracks/4nuUssdgKFy2QyYHHNkZQW,https://api.spotify.com/v1/audio-analysis/4nuUssdgKFy2QyYHHNkZQW,279440,4,rock,Sunday Bloody Sunday - Remastered 2008,U2
0.911,0.551,0.7272727272727273,0.219080446339896,0,0.0449,0.132,4.12e-05,0.0863,0.969,0.4530940557837332,audio_features,3aw9iWUQ3VrPQltgwvN9Xu,spotify:track:3aw9iWUQ3VrPQltgwvN9Xu,https://api.spotify.com/v1/tracks/3aw9iWUQ3VrPQltgwvN9Xu,https://api.spotify.com/v1/audio-analysis/3aw9iWUQ3VrPQltgwvN9Xu,265867,4,rnb,Family Affair,Mary J. Blige
0.547,0.28,0.45454545454545453,0.6998732202067486,1,0.027,0.932,0.00782,0.188,0.653,0.5065387028468356,audio_features,3RRKZ8a8SCtiPZ5qdK2Hos,spotify:track:3RRKZ8a8SCtiPZ5qdK2Hos,https://api.spotify.com/v1/tracks/3RRKZ8a8SCtiPZ5qdK2Hos,https://api.spotify.com/v1/audio-analysis/3RRKZ8a8SCtiPZ5qdK2Hos,141773,4,country,There Won't Be Anymore,Charlie Rich
0.774,0.684,0.09090909090909091,0.27580767657883976,0,0.0408,0.0687,9.34e-05,0.0765,0.354,0.4780396671316937,audio_features,1ak0S3NhwWrUgNlQhJ1412,spotify:track:1ak0S3NhwWrUgNlQhJ1412,https://api.spotify.com/v1/tracks/1ak0S3NhwWrUgNlQhJ1412,https://api.spotify.com/v1/audio-analysis/1ak0S3NhwWrUgNlQhJ1412,236827,4,rnb,Case Of The Ex (Whatcha Gonna Do),Mýa
0.714,0.522,0.6363636363636364,0.4765457382484884,1,0.0283,0.455,1.02e-05,0.0967,0.69,0.5946200298015842,audio_features,4H2TRR9FjnnIwxGnIt9stO,spotify:track:4H2TRR9FjnnIwxGnIt9stO,https://api.spotify.com/v1/tracks/4H2TRR9FjnnIwxGnIt9stO,https://api.spotify.com/v1/audio-analysis/4H2TRR9FjnnIwxGnIt9stO,168000,4,country,Killin' Time,Clint Black
0.6,0.0245,0.18181818181818182,0.6401889222842422,1,0.0714,0.981,0.878,0.092,0.239,0.3640557989750577,audio_features,4IlmdgYfHujWUIOdp6sLyz,spotify:track:4IlmdgYfHujWUIOdp6sLyz,https://api.spotify.com/v1/tracks/4IlmdgYfHujWUIOdp6sLyz,https://api.spotify.com/v1/audio-analysis/4IlmdgYfHujWUIOdp6sLyz,285440,4,classical,"Larghetto and Allegro, K.Anh. 229: Larghetto",Wolfgang Amadeus Mozart
0.732,0.69,0.0,0.3872769588828549,0,0.134,0.291,0.0,0.116,0.758,0.7082246367843973,audio_features,4jTiyLlOJVJj3mCr7yfPQD,spotify:track:4jTiyLlOJVJj3mCr7yfPQD,https://api.spotify.com/v1/tracks/4jTiyLlOJVJj3mCr7yfPQD,https://api.spotify.com/v1/audio-analysis/4jTiyLlOJVJj3mCr7yfPQD,206307,4,rap,This Could Be Us,Rae Sremmurd
0.419,0.677,0.36363636363636365,0.34228299379982285,1,0.0343,0.00101,9.99e-05,0.211,0.684,0.6520338074202692,audio_features,1GqlvSEtMx5xbGptxOTTyk,spotify:track:1GqlvSEtMx5xbGptxOTTyk,https://api.spotify.com/v1/tracks/1GqlvSEtMx5xbGptxOTTyk,https://api.spotify.com/v1/audio-analysis/1GqlvSEtMx5xbGptxOTTyk,303587,4,rock,Peace of Mind,Boston
0.279,0.0292,0.7272727272727273,0.7193001288106482,1,0.0406,0.987,0.902,0.104,0.0338,0.7056516331470271,audio_features,2u9VGZmVz7Rm01SfDgzcfA,spotify:track:2u9VGZmVz7Rm01SfDgzcfA,https://api.spotify.com/v1/tracks/2u9VGZmVz7Rm01SfDgzcfA,https://api.spotify.com/v1/audio-analysis/2u9VGZmVz7Rm01SfDgzcfA,293147,3,classical,"Liebestraum No. 3 in A-Flat Major, S. 541 / 3",Franz Liszt
0.764,0.475,0.0,0.9788983708301008,1,0.114,0.345,0.0,0.14,0.34,0.6433878672375813,audio_features,40yJGQyEaBbIkXpwMFkXip,spotify:track:40yJGQyEaBbIkXpwMFkXip,https://api.spotify.com/v1/tracks/40yJGQyEaBbIkXpwMFkXip,https://api.spotify.com/v1/audio-analysis/40yJGQyEaBbIkXpwMFkXip,243270,4,rap,One Night,Lil Yachty
0.149,0.128,0.18181818181818182,0.5490285530270502,1,0.0462,0.944,0.928,0.0703,0.113,0.2444275857086088,audio_features,0CJuLeZpCdqrqoCMXWZw8k,spotify:track:0CJuLeZpCdqrqoCMXWZw8k,https://api.spotify.com/v1/tracks/0CJuLeZpCdqrqoCMXWZw8k,https://api.spotify.com/v1/audio-analysis/0CJuLeZpCdqrqoCMXWZw8k,415813,3,classical,"Tchaikovsky: The Nutcracker, Op. 71, Act II: No. 13, Waltz of the Flowers",Pyotr Ilyich Tchaikovsky
0.285,0.0719,0.45454545454545453,0.5211195792185487,0,0.0404,0.973,0.933,0.112,0.0529,0.47378552591514556,audio_features,5fPJEybjtk8fjQzEEUeSPx,spotify:track:5fPJEybjtk8fjQzEEUeSPx,https://api.spotify.com/v1/tracks/5fPJEybjtk8fjQzEEUeSPx,https://api.spotify.com/v1/audio-analysis/5fPJEybjtk8fjQzEEUeSPx,216028,4,classical,Gnossienne: No. 1 (Arr. for Viola and Harp),Carrie Frey
0.754,0.86,0.2727272727272727,0.39317637436466674,0,0.0382,0.0521,0.000945,0.372,0.848,0.5014877613338147,audio_features,1foEfzZaWdicH22pCxx52P,spotify:track:1foEfzZaWdicH22pCxx52P,https://api.spotify.com/v1/tracks/1foEfzZaWdicH22pCxx52P,https://api.spotify.com/v1/audio-analysis/1foEfzZaWdicH22pCxx52P,191027,4,rnb,Work - Freemasons Radio Edit,Kelly Rowland
0.721,0.521,0.18181818181818182,0.44967891939769705,1,0.0613,0.0708,0.00545,0.127,0.942,0.6287465209508976,audio_features,1i6N76fftMZhijOzFQ5ZtL,spotify:track:1i6N76fftMZhijOzFQ5ZtL,https://api.spotify.com/v1/tracks/1i6N76fftMZhijOzFQ5ZtL,https://api.spotify.com/v1/audio-analysis/1i6N76fftMZhijOzFQ5ZtL,261413,4,rock,Psycho Killer - 2005 Remaster,Talking Heads
0.574,0.0231,0.0,0.8054959209961355,1,0.0506,0.996,0.916,0.136,0.507,0.5372689880113746,audio_features,3OsjW5E7AeF9OBRY8wS8nV,spotify:track:3OsjW5E7AeF9OBRY8wS8nV,https://api.spotify.com/v1/tracks/3OsjW5E7AeF9OBRY8wS8nV,https://api.spotify.com/v1/audio-analysis/3OsjW5E7AeF9OBRY8wS8nV,65572,3,classical,Les Trois Valses distinguées du précieux dégoûté - II. Son Binocle,Erik Satie
0.713,0.678,0.45454545454545453,0.20593561955950224,0,0.102,0.273,0.0,0.149,0.734,0.6731949308800718,audio_features,7H6ev70Weq6DdpZyyTmUXk,spotify:track:7H6ev70Weq6DdpZyyTmUXk,https://api.spotify.com/v1/tracks/7H6ev70Weq6DdpZyyTmUXk,https://api.spotify.com/v1/audio-analysis/7H6ev70Weq6DdpZyyTmUXk,271333,4,rnb,Say My Name,Destiny's Child
0.363,0.361,0.8181818181818182,0.7020674858591769,1,0.0499,0.623,0.00119,0.154,0.612,0.9200797976629285,audio_features,7nVQ8mo77KaUvhUQzh4vMy,spotify:track:7nVQ8mo77KaUvhUQzh4vMy,https://api.spotify.com/v1/tracks/7nVQ8mo77KaUvhUQzh4vMy,https://api.spotify.com/v1/audio-analysis/7nVQ8mo77KaUvhUQzh4vMy,152867,3,country,Mammas Don't Let Your Babies Grow up to Be Cowboys,Waylon Jennings
0.66,0.775,0.18181818181818182,0.3821567106283941,1,0.172,0.0553,0.0,0.129,0.635,0.7773482167165805,audio_features,4HbiCvH1R7mVOJ7KY7JQBD,spotify:track:4HbiCvH1R7mVOJ7KY7JQBD,https://api.spotify.com/v1/tracks/4HbiCvH1R7mVOJ7KY7JQBD,https://api.spotify.com/v1/audio-analysis/4HbiCvH1R7mVOJ7KY7JQBD,157643,4,rap,GUMMO,6ix9ine
0.614,0.68,0.5454545454545454,0.22332748195826022,1,0.0289,0.369,1.84e-06,0.115,0.707,0.735035487412752,audio_features,6foY66mWZN0pSRjZ408c00,spotify:track:6foY66mWZN0pSRjZ408c00,https://api.spotify.com/v1/tracks/6foY66mWZN0pSRjZ408c00,https://api.spotify.com/v1/audio-analysis/6foY66mWZN0pSRjZ408c00,234347,4,country,Whiskey Glasses,Morgan Wallen
0.741,0.58,0.36363636363636365,0.5009964570416298,1,0.0304,0.117,3.31e-05,0.212,0.944,0.650624313765544,audio_features,0vOkmmJEtjuFZDzrQSFzEE,spotify:track:0vOkmmJEtjuFZDzrQSFzEE,https://api.spotify.com/v1/tracks/0vOkmmJEtjuFZDzrQSFzEE,https://api.spotify.com/v1/audio-analysis/0vOkmmJEtjuFZDzrQSFzEE,171267,4,rock,Hit Me With Your Best Shot,Pat Benatar
0.794,0.51,0.8181818181818182,0.5674166020170675,1,0.42,0.0505,1.81e-06,0.0562,0.18,0.8310224488280573,audio_features,19gEmPjfqSZT0ulDRfjl0m,spotify:track:19gEmPjfqSZT0ulDRfjl0m,https://api.spotify.com/v1/tracks/19gEmPjfqSZT0ulDRfjl0m,https://api.spotify.com/v1/audio-analysis/19gEmPjfqSZT0ulDRfjl0m,194561,4,rap,Hot N*gga,Bobby Shmurda
0.429,0.104,0.36363636363636365,0.49578681837698585,1,0.087,0.991,0.933,0.109,0.196,0.3898806298286086,audio_features,54ujcOYH8BleF6uWEPPlUn,spotify:track:54ujcOYH8BleF6uWEPPlUn,https://api.spotify.com/v1/tracks/54ujcOYH8BleF6uWEPPlUn,https://api.spotify.com/v1/audio-analysis/54ujcOYH8BleF6uWEPPlUn,125750,1,classical,Lágrima (Preludio),Francisco Tárrega
0.772,0.413,0.0,0.6356089992242048,0,0.089,0.0361,0.0,0.111,0.211,0.6532435710219539,audio_features,01Lr5YepbgjXAWR9iOEyH1,spotify:track:01Lr5YepbgjXAWR9iOEyH1,https://api.spotify.com/v1/tracks/01Lr5YepbgjXAWR9iOEyH1,https://api.spotify.com/v1/audio-analysis/01Lr5YepbgjXAWR9iOEyH1,246213,4,rap,Love Sosa,Chief Keef
0.85,0.7,0.6363636363636364,0.37915522579891336,1,0.0478,0.0616,1.8e-06,0.244,0.722,0.4969366750241456,audio_features,3Gf5nttwcX9aaSQXRWidEZ,spotify:track:3Gf5nttwcX9aaSQXRWidEZ,https://api.spotify.com/v1/tracks/3Gf5nttwcX9aaSQXRWidEZ,https://api.spotify.com/v1/audio-analysis/3Gf5nttwcX9aaSQXRWidEZ,291782,4,rnb,Ride Wit Me,Nelly
0.781,0.746,0.7272727272727273,0.15692002103172284,1,0.17,0.364,0.0,0.098,0.786,0.43623113469849667,audio_features,5ahFyKndeg1hqfmNumL3WF,spotify:track:5ahFyKndeg1hqfmNumL3WF,https://api.spotify.com/v1/tracks/5ahFyKndeg1hqfmNumL3WF,https://api.spotify.com/v1/audio-analysis/5ahFyKndeg1hqfmNumL3WF,229800,4,rnb,Ain't It Funny (feat. Ja Rule & Cadillac Tah) - Murder Remix,Jennifer Lopez
0.483,0.914,0.7272727272727273,0.21820412455453642,1,0.38,0.0202,0.0,0.124,0.362,0.8391169038954958,audio_features,2HAk4odx3V0xWcGsfnNZlX,spotify:track:2HAk4odx3V0xWcGsfnNZlX,https://api.spotify.com/v1/tracks/2HAk4odx3V0xWcGsfnNZlX,https://api.spotify.com/v1/audio-analysis/2HAk4odx3V0xWcGsfnNZlX,224973,4,rnb,Running Back (feat. Flo Rida),Jessica Mauboy
0.624,0.191,0.8181818181818182,0.5398868734152525,1,0.0301,0.719,0.0,0.358,0.726,0.6728687946043448,audio_features,1zJRHhb8yN2LyVfNhmlhH0,spotify:track:1zJRHhb8yN2LyVfNhmlhH0,https://api.spotify.com/v1/tracks/1zJRHhb8yN2LyVfNhmlhH0,https://api.spotify.com/v1/audio-analysis/1zJRHhb8yN2LyVfNhmlhH0,153867,4,country,It Wasn't God Who Made Honky Tonk Angels - 1952 Single Version,Kitty Wells
0.651,0.814,1.0,0.23999532628381137,0,0.307,0.151,0.0,0.368,0.924,0.975434865321015,audio_features,3oOLUDZhHEb6VcxgvWZ0bO,spotify:track:3oOLUDZhHEb6VcxgvWZ0bO,https://api.spotify.com/v1/tracks/3oOLUDZhHEb6VcxgvWZ0bO,https://api.spotify.com/v1/audio-analysis/3oOLUDZhHEb6VcxgvWZ0bO,232853,4,rnb,"Don't Mess with My Man (feat. Brian Casey, Brandon Casey & Mystikal) - Bryan-Michael Cox Remix",Nivea
0.905,0.563,0.7272727272727273,0.4759503491078355,1,0.102,0.0254,9.71e-06,0.113,0.324,0.5296537385837686,audio_features,1rDQ4oMwGJI7B4tovsBOxc,spotify:track:1rDQ4oMwGJI7B4tovsBOxc,https://api.spotify.com/v1/tracks/1rDQ4oMwGJI7B4tovsBOxc,https://api.spotify.com/v1/audio-analysis/1rDQ4oMwGJI7B4tovsBOxc,173948,4,rap,First Class,Jack Harlow
0.861,0.603,0.7272727272727273,0.4490302560124127,0,0.176,0.0521,0.0,0.0924,0.504,0.4853253471276886,audio_features,0FZ4Dmg8jJJAPJnvBIzD9z,spotify:track:0FZ4Dmg8jJJAPJnvBIzD9z,https://api.spotify.com/v1/tracks/0FZ4Dmg8jJJAPJnvBIzD9z,https://api.spotify.com/v1/audio-analysis/0FZ4Dmg8jJJAPJnvBIzD9z,228760,4,rap,ZEZE (feat. Travis Scott & Offset),Kodak Black
0.6,0.663,0.2727272727272727,0.5536259541984733,1,0.0477,0.225,0.0,0.119,0.286,0.599219979608604,audio_features,4nVBt6MZDDP6tRVdQTgxJg,spotify:track:4nVBt6MZDDP6tRVdQTgxJg,https://api.spotify.com/v1/tracks/4nVBt6MZDDP6tRVdQTgxJg,https://api.spotify.com/v1/audio-analysis/4nVBt6MZDDP6tRVdQTgxJg,245493,4,pop,Story of My Life,One Direction
0.747,0.712,1.0,0.3630721489526765,0,0.0539,0.057,0.0,0.0885,0.969,0.7621513253966291,audio_features,3dpPfrdOs6gEL12XcT2X3j,spotify:track:3dpPfrdOs6gEL12XcT2X3j,https://api.spotify.com/v1/tracks/3dpPfrdOs6gEL12XcT2X3j,https://api.spotify.com/v1/audio-analysis/3dpPfrdOs6gEL12XcT2X3j,169296,3,rap,TOXIC (feat. Quavo),Carson Lueders
0.842,0.703,0.7272727272727273,0.4698837413098089,1,0.206,0.229,0.0,0.112,0.811,0.463493751402398,audio_features,1DPMqbabMHKm8bN04arwK8,spotify:track:1DPMqbabMHKm8bN04arwK8,https://api.spotify.com/v1/tracks/1DPMqbabMHKm8bN04arwK8,https://api.spotify.com/v1/audio-analysis/1DPMqbabMHKm8bN04arwK8,286533,4,rnb,Screems from Da Old Plantation,King Kapisi
0.862,0.479,0.6363636363636364,0.5374189402348541,1,0.0645,0.0523,0.00126,0.589,0.924,0.5359696789362263,audio_features,3QHONiXGMGU3z68mQInncF,spotify:track:3QHONiXGMGU3z68mQInncF,https://api.spotify.com/v1/tracks/3QHONiXGMGU3z68mQInncF,https://api.spotify.com/v1/audio-analysis/3QHONiXGMGU3z68mQInncF,301520,4,rnb,I'll Be Missing You (feat. 112),Diddy
0.302,0.119,0.8181818181818182,0.4846232288535852,0,0.0386,0.975,0.887,0.11,0.0381,0.4871830600669877,audio_features,2Z4aQJh0kesRMookvtfR4y,spotify:track:2Z4aQJh0kesRMookvtfR4y,https://api.spotify.com/v1/tracks/2Z4aQJh0kesRMookvtfR4y,https://api.spotify.com/v1/audio-analysis/2Z4aQJh0kesRMookvtfR4y,820853,4,classical,"Piano Concerto in A Minor, Op. 16: I. Allegro molto moderato",Edvard Grieg
0.609,0.569,0.8181818181818182,0.31007411741759316,1,0.0371,0.285,0.0,0.0586,0.787,0.42439318484824723,audio_features,1jGa3ZVWNhqes22ZoVBfOJ,spotify:track:1jGa3ZVWNhqes22ZoVBfOJ,https://api.spotify.com/v1/tracks/1jGa3ZVWNhqes22ZoVBfOJ,https://api.spotify.com/v1/audio-analysis/1jGa3ZVWNhqes22ZoVBfOJ,148320,4,country,My Heart Skips A Beat,Buck Owens
0.754,0.342,0.9090909090909091,0.6731574864235841,0,0.0991,0.073,0.0,0.193,0.423,0.6384723906640596,audio_features,5qHirGR7M9tdm6C17DlzSY,spotify:track:5qHirGR7M9tdm6C17DlzSY,https://api.spotify.com/v1/tracks/5qHirGR7M9tdm6C17DlzSY,https://api.spotify.com/v1/audio-analysis/5qHirGR7M9tdm6C17DlzSY,121347,4,rap,REEL IT IN,Aminé
0.838,0.771,0.09090909090909091,0.29410395655546934,1,0.244,0.0117,0.0,0.0853,0.405,0.8710095784966463,audio_features,2DQ1ITjI0YoLFzuADN1ZBW,spotify:track:2DQ1ITjI0YoLFzuADN1ZBW,https://api.spotify.com/v1/tracks/2DQ1ITjI0YoLFzuADN1ZBW,https://api.spotify.com/v1/audio-analysis/2DQ1ITjI0YoLFzuADN1ZBW,245387,4,rap,No Limit,G-Eazy
0.709,0.745,0.36363636363636365,0.6142175572519084,0,0.0738,0.0225,5.2e-05,0.154,0.576,0.6237539966146324,audio_features,0GX5oOKtU0nnx5OkhenW2i,spotify:track:0GX5oOKtU0nnx5OkhenW2i,https://api.spotify.com/v1/tracks/0GX5oOKtU0nnx5OkhenW2i,https://api.spotify.com/v1/audio-analysis/0GX5oOKtU0nnx5OkhenW2i,234360,4,pop,Closer,Ne-Yo
0.74,0.567,0.7272727272727273,0.3086405328036455,0,0.0702,0.0327,0.0,0.402,0.916,0.4394700642908012,audio_features,6B5vBKtJPOPrS2kMOZPKey,spotify:track:6B5vBKtJPOPrS2kMOZPKey,https://api.spotify.com/v1/tracks/6B5vBKtJPOPrS2kMOZPKey,https://api.spotify.com/v1/audio-analysis/6B5vBKtJPOPrS2kMOZPKey,238933,4,rnb,Rich Girl,Selwyn
0.525,0.61,0.5454545454545454,0.6481870229007634,1,0.0404,0.084,0.0,0.0572,0.293,0.5042168615067856,audio_features,2fmyrECK6bdfoGven0UMZx,spotify:track:2fmyrECK6bdfoGven0UMZx,https://api.spotify.com/v1/tracks/2fmyrECK6bdfoGven0UMZx,https://api.spotify.com/v1/audio-analysis/2fmyrECK6bdfoGven0UMZx,233400,4,pop,Naked,James Arthur
0.853,0.606,0.0,0.2685049950341765,1,0.0713,0.0561,0.0,0.313,0.654,0.4622254958391462,audio_features,3WkibOpDF7cQ5xntM1epyf,spotify:track:3WkibOpDF7cQ5xntM1epyf,https://api.spotify.com/v1/tracks/3WkibOpDF7cQ5xntM1epyf,https://api.spotify.com/v1/audio-analysis/3WkibOpDF7cQ5xntM1epyf,227600,4,rnb,It Wasn't Me,Shaggy
0.679,0.509,0.36363636363636365,0.42706081673190394,1,0.0617,0.0856,0.0,0.438,0.534,0.703833058544628,audio_features,0WccCTWCY2Jtlh1ddAUZxT,spotify:track:0WccCTWCY2Jtlh1ddAUZxT,https://api.spotify.com/v1/tracks/0WccCTWCY2Jtlh1ddAUZxT,https://api.spotify.com/v1/audio-analysis/0WccCTWCY2Jtlh1ddAUZxT,223547,4,rnb,Tha Crossroads,Bone Thugs-N-Harmony
0.671,0.373,0.8181818181818182,1.0,1,0.0323,0.257,8.01e-05,0.0481,0.732,0.4734979444884202,audio_features,2374M0fQpWi3dLnB54qaLX,spotify:track:2374M0fQpWi3dLnB54qaLX,https://api.spotify.com/v1/tracks/2374M0fQpWi3dLnB54qaLX,https://api.spotify.com/v1/audio-analysis/2374M0fQpWi3dLnB54qaLX,295893,4,rock,Africa,TOTO
0.673,0.842,0.2727272727272727,0.22561927052857422,1,0.0366,0.06,0.000257,0.178,0.898,0.6154909418869108,audio_features,09qzRI951OVkXGCc33gzcT,spotify:track:09qzRI951OVkXGCc33gzcT,https://api.spotify.com/v1/tracks/09qzRI951OVkXGCc33gzcT,https://api.spotify.com/v1/audio-analysis/09qzRI951OVkXGCc33gzcT,208107,4,country,My Maria,Brooks & Dunn
0.255,0.234,1.0,0.5078896522112494,0,0.047,0.96,0.597,0.151,0.414,1.0,audio_features,3Yk2IiVDNBzVu84sGQOa2d,spotify:track:3Yk2IiVDNBzVu84sGQOa2d,https://api.spotify.com/v1/tracks/3Yk2IiVDNBzVu84sGQOa2d,https://api.spotify.com/v1/audio-analysis/3Yk2IiVDNBzVu84sGQOa2d,235560,3,classical,"Arsilda, regina di Ponto, RV 700, Act I: L'esperto nocchiero",Antonio Vivaldi
0.413,0.881,1.0,0.3067426926483614,0,0.0367,5.99e-05,0.000308,0.0805,0.364,0.8072211015499323,audio_features,5UWwZ5lm5PKu6eKsHAGxOk,spotify:track:5UWwZ5lm5PKu6eKsHAGxOk,https://api.spotify.com/v1/tracks/5UWwZ5lm5PKu6eKsHAGxOk,https://api.spotify.com/v1/audio-analysis/5UWwZ5lm5PKu6eKsHAGxOk,250547,4,rock,Everlong,Foo Fighters
0.742,0.713,0.09090909090909091,0.5269083969465649,0,0.0303,0.0205,0.0,0.059,0.879,0.5940825356601962,audio_features,4gbVRS8gloEluzf0GzDOFc,spotify:track:4gbVRS8gloEluzf0GzDOFc,https://api.spotify.com/v1/tracks/4gbVRS8gloEluzf0GzDOFc,https://api.spotify.com/v1/audio-analysis/4gbVRS8gloEluzf0GzDOFc,189960,4,pop,Maps,Maroon 5
0.8,0.362,0.5454545454545454,0.6338143366244084,0,0.0634,0.035,3.99e-06,0.0667,0.888,0.45393305561788433,audio_features,2lp8xjq0WTm3HZKHuDEweg,spotify:track:2lp8xjq0WTm3HZKHuDEweg,https://api.spotify.com/v1/tracks/2lp8xjq0WTm3HZKHuDEweg,https://api.spotify.com/v1/audio-analysis/2lp8xjq0WTm3HZKHuDEweg,236067,4,rnb,Tell Me,Groove Theory
0.665,0.695,0.0,0.33668282993515214,1,0.0532,0.347,0.0,0.106,0.707,0.4395920119411139,audio_features,6zMUIb4uce1CzpbjR3vMdN,spotify:track:6zMUIb4uce1CzpbjR3vMdN,https://api.spotify.com/v1/tracks/6zMUIb4uce1CzpbjR3vMdN,https://api.spotify.com/v1/audio-analysis/6zMUIb4uce1CzpbjR3vMdN,227387,4,rnb,Foolish,Ashanti
0.404,0.72,0.9090909090909091,0.5081930912311781,0,0.0623,5.59e-05,0.836,0.0466,0.475,0.6223425171718203,audio_features,6GtX0jaNL8IjVQfrDBx81z,spotify:track:6GtX0jaNL8IjVQfrDBx81z,https://api.spotify.com/v1/tracks/6GtX0jaNL8IjVQfrDBx81z,https://api.spotify.com/v1/audio-analysis/6GtX0jaNL8IjVQfrDBx81z,258467,4,rock,Bullet With Butterfly Wings - Remastered 2012,The Smashing Pumpkins
0.699,0.558,1.0,0.5913110938712179,1,0.0603,0.462,0.0,0.116,0.493,0.3959705962428533,audio_features,7zLYKWcXnYeHHWidalz7rj,spotify:track:7zLYKWcXnYeHHWidalz7rj,https://api.spotify.com/v1/tracks/7zLYKWcXnYeHHWidalz7rj,https://api.spotify.com/v1/audio-analysis/7zLYKWcXnYeHHWidalz7rj,165000,4,rap,Noticed,Lil Mosey
0.535,0.716,0.36363636363636365,0.2781775907883083,1,0.0431,0.326,0.0,0.659,0.901,0.48198044072211016,audio_features,2Cdvbe2G4hZsnhNMKyGrie,spotify:track:2Cdvbe2G4hZsnhNMKyGrie,https://api.spotify.com/v1/tracks/2Cdvbe2G4hZsnhNMKyGrie,https://api.spotify.com/v1/audio-analysis/2Cdvbe2G4hZsnhNMKyGrie,175173,4,rock,I Love Rock 'N Roll,Joan Jett & the Blackhearts
0.425,0.732,0.8181818181818182,0.6567748091603053,1,0.0396,0.00194,0.0103,0.171,0.333,0.5839264325945577,audio_features,2U8g9wVcUu9wsg6i7sFSv8,spotify:track:2U8g9wVcUu9wsg6i7sFSv8,https://api.spotify.com/v1/tracks/2U8g9wVcUu9wsg6i7sFSv8,https://api.spotify.com/v1/audio-analysis/2U8g9wVcUu9wsg6i7sFSv8,240796,4,pop,Every Teardrop Is a Waterfall,Coldplay
0.516,0.764,0.18181818181818182,0.5937977099236641,1,0.0366,0.0717,0.0,0.115,0.376,0.7326103956524751,audio_features,1NhPKVLsHhFUHIOZ32QnS2,spotify:track:1NhPKVLsHhFUHIOZ32QnS2,https://api.spotify.com/v1/tracks/1NhPKVLsHhFUHIOZ32QnS2,https://api.spotify.com/v1/audio-analysis/1NhPKVLsHhFUHIOZ32QnS2,224693,4,pop,Secrets,OneRepublic
0.785,0.903,0.18181818181818182,0.32459270752521335,1,0.21,0.258,0.0,0.169,0.565,0.6929188426601985,audio_features,29TPjc8wxfz4XMn21O7VsZ,spotify:track:29TPjc8wxfz4XMn21O7VsZ,https://api.spotify.com/v1/tracks/29TPjc8wxfz4XMn21O7VsZ,https://api.spotify.com/v1/audio-analysis/29TPjc8wxfz4XMn21O7VsZ,193234,4,rap,Sky,Playboi Carti
0.817,0.664,0.5454545454545454,0.4447040953438102,0,0.0387,0.124,0.00378,0.173,0.729,0.5258626576783119,audio_features,6IwTZB5S5s2nAlfd8WpLFx,spotify:track:6IwTZB5S5s2nAlfd8WpLFx,https://api.spotify.com/v1/tracks/6IwTZB5S5s2nAlfd8WpLFx,https://api.spotify.com/v1/audio-analysis/6IwTZB5S5s2nAlfd8WpLFx,246173,4,rnb,Fade Away,Ché-Fu
0.67,0.855,0.0,0.2895992366412214,0,0.0499,0.0124,0.0,0.335,0.648,0.594171624283579,audio_features,62zFEHfAYl5kdHYOivj4BC,spotify:track:62zFEHfAYl5kdHYOivj4BC,https://api.spotify.com/v1/tracks/62zFEHfAYl5kdHYOivj4BC,https://api.spotify.com/v1/audio-analysis/62zFEHfAYl5kdHYOivj4BC,227280,4,pop,International Love (feat. Chris Brown),Pitbull
0.683,0.594,0.18181818181818182,0.4588684676705049,1,0.0347,0.385,8.61e-05,0.121,0.734,0.5877946020478513,audio_features,2K2M0TcglCRLLpFOzKeFZA,spotify:track:2K2M0TcglCRLLpFOzKeFZA,https://api.spotify.com/v1/tracks/2K2M0TcglCRLLpFOzKeFZA,https://api.spotify.com/v1/audio-analysis/2K2M0TcglCRLLpFOzKeFZA,250400,4,rock,Sunshine Of Your Love,Cream
0.476,0.718,0.7272727272727273,0.5065839694656489,1,0.0576,0.0784,1.02e-05,0.122,0.142,0.9892004790988191,audio_features,4pdPtRcBmOSQDlJ3Fk945m,spotify:track:4pdPtRcBmOSQDlJ3Fk945m,https://api.spotify.com/v1/tracks/4pdPtRcBmOSQDlJ3Fk945m,https://api.spotify.com/v1/audio-analysis/4pdPtRcBmOSQDlJ3Fk945m,205947,4,pop,Let Me Love You,DJ Snake
0.54,0.0568,0.9090909090909091,1.0,1,0.0351,0.917,1.01e-06,0.12,0.506,0.5479521214022429,audio_features,6zFsz86nAj5gcvzyVqNL3k,spotify:track:6zFsz86nAj5gcvzyVqNL3k,https://api.spotify.com/v1/tracks/6zFsz86nAj5gcvzyVqNL3k,https://api.spotify.com/v1/audio-analysis/6zFsz86nAj5gcvzyVqNL3k,171333,4,country,I Fall To Pieces - Single Version,Patsy Cline
